Built,n,prop
3.4.0,1,0.005917159763313609
3.4.1,119,0.7041420118343196
3.4.2,7,0.04142011834319527
3.4.3,42,0.2485207100591716
